1	INV/INSIGNIA/2021071	6	12	33200.00	800.00	2021-07-31 08:53:02.023	637633345834650842.pdf	58	2021-07-31 08:53:02.023	--SchemaZenNull--	2021-07-31 08:53:02.023	True
2	INV/INSIGNIA/2021072	6	12	33200.00	800.00	2021-07-31 08:53:07.637	637633345877218810.pdf	58	2021-07-31 08:53:07.637	--SchemaZenNull--	2021-07-31 08:53:07.637	False
3	INV/INSIGNIA/2021073	6	12	33200.00	800.00	2021-07-31 08:53:10.63	637633345907111528.pdf	58	2021-07-31 08:53:10.63	--SchemaZenNull--	2021-07-31 08:53:10.63	False
4	INV/KT/2021071	2	126	234200.00	0.00	2021-07-31 08:55:30.697	637633347308660864.pdf	58	2021-07-31 08:55:30.697	--SchemaZenNull--	2021-07-31 08:55:30.697	True
5	INV/BHN/2021071	4	796	1269000.00	0.00	2021-07-31 08:57:27.347	637633348475454904.pdf	58	2021-07-31 08:57:27.347	--SchemaZenNull--	2021-07-31 08:57:27.347	True
6	INV/RAFFLES/2021071	3	338	554300.00	0.00	2021-07-31 08:58:53.14	637633349332396053.pdf	58	2021-07-31 08:58:53.14	--SchemaZenNull--	2021-07-31 08:58:53.14	True
7	INV/TGARLA/2021071	5	152	295700.00	0.00	2021-07-31 08:59:18.843	637633349589480742.pdf	58	2021-07-31 08:59:18.843	--SchemaZenNull--	2021-07-31 08:59:18.843	True
8	INV/KT/2021081	2	406	906400.00	0.00	2021-08-30 11:19:26.803	637659191681866468.pdf	58	2021-08-30 11:19:26.803	--SchemaZenNull--	2021-08-30 11:19:26.803	True
9	INV/RAFFLES/2021081	3	615	1005100.00	0.00	2021-08-30 11:22:36.607	637659193567194416.pdf	58	2021-08-30 11:22:36.607	--SchemaZenNull--	2021-08-30 11:22:36.607	True
10	INV/BHN/2021081	4	1277	2057100.00	0.00	2021-08-30 11:23:06.79	637659193869233796.pdf	58	2021-08-30 11:23:06.79	--SchemaZenNull--	2021-08-30 11:23:06.79	True
11	INV/TGARLA/2021081	5	290	400500.00	0.00	2021-08-30 11:23:29.833	637659194099311235.pdf	58	2021-08-30 11:23:29.833	--SchemaZenNull--	2021-08-30 11:23:29.833	True
12	INV/INSIGNIA/2021081	6	70	239700.00	4780.00	2021-08-30 11:23:48.507	637659194286205772.pdf	58	2021-08-30 11:23:48.507	--SchemaZenNull--	2021-08-30 11:23:48.507	True
13	INV/SANA/2021081	11	24	33000.00	0.00	2021-08-30 11:24:15.383	637659194554604044.pdf	58	2021-08-30 11:24:15.383	--SchemaZenNull--	2021-08-30 11:24:15.383	True
14	INV/BASF/2021081	18	31	75400.00	0.00	2021-08-30 11:24:47.33	637659194874380449.pdf	58	2021-08-30 11:24:47.33	--SchemaZenNull--	2021-08-30 11:24:47.33	True
15	INV/KT/2021091	2	486	1346400.00	0.00	2021-09-29 11:34:50.94	637685120923115859.pdf	58	2021-09-29 11:34:50.94	--SchemaZenNull--	2021-09-29 11:34:50.94	True
18	INV/BASF/2021091	18	43	55700.00	0.00	2021-09-29 11:43:36.337	637685126164559678.pdf	58	2021-09-29 11:43:36.337	--SchemaZenNull--	2021-09-29 11:43:36.337	True
19	INV/SANA/2021091	11	11	15100.00	0.00	2021-09-29 11:44:45.56	637685126856657147.pdf	58	2021-09-29 11:44:45.56	--SchemaZenNull--	2021-09-29 11:44:45.56	True
20	INV/INSIGNIA/2021091	6	56	178100.00	690.00	2021-09-29 11:45:56.533	637685127566234596.pdf	58	2021-09-29 11:45:56.533	--SchemaZenNull--	2021-09-29 11:45:56.533	True
21	INV/TGARLA/2021091	5	413	677600.00	0.00	2021-09-29 11:47:35.523	637685128556642484.pdf	58	2021-09-29 11:47:35.523	--SchemaZenNull--	2021-09-29 11:47:35.523	True
22	INV/BHN/2021091	4	908	2314700.00	0.00	2021-09-29 11:51:08.627	637685130687751823.pdf	58	2021-09-29 11:51:08.627	--SchemaZenNull--	2021-09-29 11:51:08.627	True
27	INV/RAFFLES/2021091	3	655	2197900.00	0.00	2021-09-29 16:49:48.857	637685309900935601.pdf	58	2021-09-29 16:49:48.857	--SchemaZenNull--	2021-09-29 16:49:48.857	True
28	INV/KT/2021101	2	629	1607000.00	0.00	2021-10-31 18:43:40.22	637713026214603399.pdf	58	2021-10-31 18:43:40.22	--SchemaZenNull--	2021-10-31 18:43:40.22	True
29	INV/RAFFLES/2021101	3	729	1793300.00	0.00	2021-10-31 18:47:19.453	637713028395776138.pdf	58	2021-10-31 18:47:19.453	--SchemaZenNull--	2021-10-31 18:47:19.453	True
30	INV/BHN/2021101	4	930	2165500.00	0.00	2021-10-31 18:47:57.287	637713028774108330.pdf	58	2021-10-31 18:47:57.287	--SchemaZenNull--	2021-10-31 18:47:57.287	True
31	INV/TGARLA/2021101	5	346	570300.00	0.00	2021-10-31 18:48:29.48	637713029096352493.pdf	58	2021-10-31 18:48:29.48	--SchemaZenNull--	2021-10-31 18:48:29.48	True
32	INV/INSIGNIA/2021101	6	54	206700.00	3390.00	2021-10-31 18:49:38.76	637713029788482374.pdf	58	2021-10-31 18:49:38.76	--SchemaZenNull--	2021-10-31 18:49:38.76	True
33	INV/BASF/2021101	18	47	67300.00	0.00	2021-10-31 18:50:10.32	637713030104078972.pdf	58	2021-10-31 18:50:10.32	--SchemaZenNull--	2021-10-31 18:50:10.32	True
34	INV/SANA/2021101	11	4	3500.00	0.00	2021-10-31 18:52:55.06	637713031751687067.pdf	58	2021-10-31 18:52:55.06	--SchemaZenNull--	2021-10-31 18:52:55.06	True
35	INV/TG COLGATE/2021101	15	6	7200.00	0.00	2021-10-31 18:53:34.61	637713032147349929.pdf	58	2021-10-31 18:53:34.61	--SchemaZenNull--	2021-10-31 18:53:34.61	True
36	INV/Solynta En/2021101	21	4	1500.00	0.00	2021-10-31 18:54:48.773	637713032888365517.pdf	58	2021-10-31 18:54:48.773	--SchemaZenNull--	2021-10-31 18:54:48.773	True
37	INV/CNC/2021101	17	4	21000.00	0.00	2021-10-31 18:55:04.737	637713033047974781.pdf	58	2021-10-31 18:55:04.737	--SchemaZenNull--	2021-10-31 18:55:04.737	True
38	INV/Solynta En/2021111	21	3	3300.00	0.00	2021-11-29 14:03:37.71	637737914190673090.pdf	58	2021-11-29 14:03:37.71	--SchemaZenNull--	2021-11-29 14:03:37.71	True
39	INV/BASF/2021111	18	29	71400.00	0.00	2021-11-29 14:36:16.293	637737933763858302.pdf	58	2021-11-29 14:36:16.293	--SchemaZenNull--	2021-11-29 14:36:16.293	True
40	INV/TG COLGATE/2021111	15	5	9300.00	0.00	2021-11-29 14:36:45.43	637737934055254686.pdf	58	2021-11-29 14:36:45.43	--SchemaZenNull--	2021-11-29 14:36:45.43	True
41	INV/SANA/2021111	11	4	5000.00	0.00	2021-11-29 14:37:08.527	637737934286360475.pdf	58	2021-11-29 14:37:08.527	--SchemaZenNull--	2021-11-29 14:37:08.527	True
42	INV/INSIGNIA/2021111	6	66	208400.00	6080.00	2021-11-29 14:37:52.14	637737934722560106.pdf	58	2021-11-29 14:37:52.14	--SchemaZenNull--	2021-11-29 14:37:52.14	True
43	INV/TGARLA/2021111	5	324	406200.00	0.00	2021-11-29 14:38:17.167	637737934972579347.pdf	58	2021-11-29 14:38:17.167	--SchemaZenNull--	2021-11-29 14:38:17.167	True
44	INV/BHN/2021111	4	672	1640300.00	0.00	2021-11-29 14:38:46.25	637737935263488634.pdf	58	2021-11-29 14:38:46.25	--SchemaZenNull--	2021-11-29 14:38:46.25	True
45	INV/RAFFLES/2021111	3	658	1938300.00	0.00	2021-11-29 14:39:18.43	637737935585686266.pdf	58	2021-11-29 14:39:18.43	--SchemaZenNull--	2021-11-29 14:39:18.43	True
46	INV/KT/2021111	2	548	1263600.00	0.00	2021-11-29 14:39:39.67	637737935798849948.pdf	58	2021-11-29 14:39:39.67	--SchemaZenNull--	2021-11-29 14:39:39.67	True
47	INV/KT/2021121	2	346	901200.00	0.00	2021-12-27 13:49:45.553	637762097868136694.pdf	58	2021-12-27 13:49:45.553	--SchemaZenNull--	2021-12-27 13:49:45.553	True
48	INV/RAFFLES/2021121	3	763	2273700.00	0.00	2021-12-27 13:50:11.467	637762098115939813.pdf	58	2021-12-27 13:50:11.467	--SchemaZenNull--	2021-12-27 13:50:11.467	True
49	INV/BHN/2021121	4	910	3177600.00	0.00	2021-12-27 13:50:35.767	637762098359554898.pdf	58	2021-12-27 13:50:35.767	--SchemaZenNull--	2021-12-27 13:50:35.767	True
50	INV/TGARLA/2021121	5	274	693700.00	0.00	2021-12-27 13:50:55.917	637762098560334074.pdf	58	2021-12-27 13:50:55.917	--SchemaZenNull--	2021-12-27 13:50:55.917	True
51	INV/INSIGNIA/2021121	6	41	165200.00	8850.00	2021-12-27 13:51:15.73	637762098758216207.pdf	58	2021-12-27 13:51:15.73	--SchemaZenNull--	2021-12-27 13:51:15.73	True
52	INV/SANA/2021121	11	3	3000.00	0.00	2021-12-27 13:51:34.427	637762098945180593.pdf	58	2021-12-27 13:51:34.427	--SchemaZenNull--	2021-12-27 13:51:34.427	True
53	INV/TG COLGATE/2021121	15	1	500.00	0.00	2021-12-27 13:51:51.867	637762099119622637.pdf	58	2021-12-27 13:51:51.867	--SchemaZenNull--	2021-12-27 13:51:51.867	True
54	INV/BASF/2021121	18	46	72100.00	0.00	2021-12-27 13:52:13.02	637762099331253403.pdf	58	2021-12-27 13:52:13.02	--SchemaZenNull--	2021-12-27 13:52:13.02	True
55	INV/KT/2022011	2	299	1044400.00	0.00	2022-01-28 16:09:42.987	637789829842504015.pdf	58	2022-01-28 16:09:42.987	--SchemaZenNull--	2022-01-28 16:09:42.987	True
56	INV/RAFFLES/2022011	3	717	2317300.00	0.00	2022-01-28 16:10:45.58	637789830457094317.pdf	58	2022-01-28 16:10:45.58	--SchemaZenNull--	2022-01-28 16:10:45.58	True
57	INV/BHN/2022011	4	1069	2577700.00	0.00	2022-01-28 16:11:11.27	637789830714156187.pdf	58	2022-01-28 16:11:11.27	--SchemaZenNull--	2022-01-28 16:11:11.27	True
58	INV/TGARLA/2022011	5	428	1120800.00	0.00	2022-01-28 16:11:35.333	637789830954538787.pdf	58	2022-01-28 16:11:35.333	--SchemaZenNull--	2022-01-28 16:11:35.333	True
59	INV/INSIGNIA/2022011	6	72	281500.00	16530.00	2022-01-28 16:11:59.76	637789831198611070.pdf	58	2022-01-28 16:11:59.76	--SchemaZenNull--	2022-01-28 16:11:59.76	True
60	INV/SANA/2022011	11	13	39400.00	0.00	2022-01-28 16:12:52.617	637789831727343805.pdf	58	2022-01-28 16:12:52.617	--SchemaZenNull--	2022-01-28 16:12:52.617	True
61	INV/BASF/2022011	18	35	62100.00	0.00	2022-01-28 16:14:27.963	637789832681006566.pdf	58	2022-01-28 16:14:27.963	--SchemaZenNull--	2022-01-28 16:14:27.963	True
62	INV/TG COLGATE/2022011	15	21	44700.00	0.00	2022-01-28 16:15:24.987	637789833250919937.pdf	58	2022-01-28 16:15:24.987	--SchemaZenNull--	2022-01-28 16:15:24.987	True
63	INV/KT/2022031	2	309	702800.00	0.00	2022-03-01 09:32:27.77	637817239490599048.pdf	58	2022-03-01 09:32:27.77	--SchemaZenNull--	2022-03-01 09:32:27.77	True
64	INV/RAFFLES/2022031	3	570	1980100.00	0.00	2022-03-01 09:33:49.967	637817240301105706.pdf	58	2022-03-01 09:33:49.967	--SchemaZenNull--	2022-03-01 09:33:49.967	True
65	INV/BHN/2022031	4	777	1985600.00	0.00	2022-03-01 09:34:30.6	637817240707297690.pdf	58	2022-03-01 09:34:30.6	--SchemaZenNull--	2022-03-01 09:34:30.6	True
66	INV/TGARLA/2022031	5	301	374100.00	0.00	2022-03-01 09:37:22.18	637817242423109372.pdf	58	2022-03-01 09:37:22.18	--SchemaZenNull--	2022-03-01 09:37:22.18	True
67	INV/INSIGNIA/2022031	6	30	215300.00	6880.00	2022-03-01 09:38:13.277	637817242933804637.pdf	58	2022-03-01 09:38:13.277	--SchemaZenNull--	2022-03-01 09:38:13.277	True
68	INV/SANA/2022031	11	11	7400.00	0.00	2022-03-01 09:38:58.93	637817243390531447.pdf	58	2022-03-01 09:38:58.93	--SchemaZenNull--	2022-03-01 09:38:58.93	True
69	INV/TG COLGATE/2022031	15	2	1000.00	0.00	2022-03-01 09:39:16.693	637817243568052818.pdf	58	2022-03-01 09:39:16.693	--SchemaZenNull--	2022-03-01 09:39:16.693	True
70	INV/BASF/2022031	18	39	54000.00	0.00	2022-03-01 09:39:39.4	637817243794858171.pdf	58	2022-03-01 09:39:39.4	--SchemaZenNull--	2022-03-01 09:39:39.4	True
71	INV/KT/2022032	2	308	676200.00	0.00	2022-03-31 21:07:54.16	637843576754593320.pdf	58	2022-03-31 21:07:54.16	--SchemaZenNull--	2022-03-31 21:07:54.16	True
72	INV/RAFFLES/2022032	3	537	1339600.00	0.00	2022-03-31 21:09:23.227	637843577634934022.pdf	58	2022-03-31 21:09:23.227	--SchemaZenNull--	2022-03-31 21:09:23.227	True
73	INV/BHN/2022032	4	941	2102800.00	0.00	2022-03-31 21:09:55.98	637843577961240830.pdf	58	2022-03-31 21:09:55.98	--SchemaZenNull--	2022-03-31 21:09:55.98	True
74	INV/TGARLA/2022032	5	259	392400.00	0.00	2022-03-31 21:11:59.183	637843579192724837.pdf	58	2022-03-31 21:11:59.183	--SchemaZenNull--	2022-03-31 21:11:59.183	True
75	INV/INSIGNIA/2022032	6	16	29300.00	300.00	2022-03-31 21:12:42.89	637843579629982357.pdf	58	2022-03-31 21:12:42.89	--SchemaZenNull--	2022-03-31 21:12:42.89	True
76	INV/SANA/2022032	11	7	33200.00	0.00	2022-03-31 21:13:26.093	637843580062179160.pdf	58	2022-03-31 21:13:26.093	--SchemaZenNull--	2022-03-31 21:13:26.093	True
77	INV/TG COLGATE/2022032	15	1	600.00	0.00	2022-03-31 21:14:46.44	637843580865322776.pdf	58	2022-03-31 21:14:46.44	--SchemaZenNull--	2022-03-31 21:14:46.44	True
78	INV/BASF/2022032	18	39	68400.00	0.00	2022-03-31 21:16:14.653	637843581747421240.pdf	58	2022-03-31 21:16:14.653	--SchemaZenNull--	2022-03-31 21:16:14.653	True
79	INV/KT/2022041	2	291	883100.00	0.00	2022-04-30 11:37:23.807	637869154453085412.pdf	58	2022-04-30 11:37:23.807	--SchemaZenNull--	2022-04-30 11:37:23.807	True
80	INV/RAFFLES/2022041	3	488	1180000.00	0.00	2022-04-30 11:40:31.437	637869156316121263.pdf	58	2022-04-30 11:40:31.437	--SchemaZenNull--	2022-04-30 11:40:31.437	True
81	INV/BHN/2022041	4	646	2467200.00	0.00	2022-04-30 11:41:42.95	637869157031141113.pdf	58	2022-04-30 11:41:42.95	--SchemaZenNull--	2022-04-30 11:41:42.95	True
82	INV/TGARLA/2022041	5	190	375900.00	0.00	2022-04-30 11:42:41.707	637869157618279248.pdf	58	2022-04-30 11:42:41.707	--SchemaZenNull--	2022-04-30 11:42:41.707	True
83	INV/INSIGNIA/2022041	6	24	68500.00	2720.00	2022-04-30 11:44:26.32	637869158664391182.pdf	58	2022-04-30 11:44:26.32	--SchemaZenNull--	2022-04-30 11:44:26.32	True
84	INV/SANA/2022041	11	2	6100.00	0.00	2022-04-30 11:46:41.647	637869160018004701.pdf	58	2022-04-30 11:46:41.647	--SchemaZenNull--	2022-04-30 11:46:41.647	True
85	INV/TG COLGATE/2022041	15	5	9000.00	0.00	2022-04-30 11:47:37.54	637869160576637186.pdf	58	2022-04-30 11:47:37.54	--SchemaZenNull--	2022-04-30 11:47:37.54	True
86	INV/BASF/2022041	18	22	55800.00	0.00	2022-04-30 11:48:05.143	637869160852485570.pdf	58	2022-04-30 11:48:05.143	--SchemaZenNull--	2022-04-30 11:48:05.143	True
87	INV/KT/2022051	2	280	899400.00	0.00	2022-05-31 14:44:26.087	637896050675223253.pdf	58	2022-05-31 14:44:26.087	--SchemaZenNull--	2022-05-31 14:44:26.087	True
88	INV/RAFFLES/2022051	3	749	2110100.00	0.00	2022-05-31 14:45:34.867	637896051351179482.pdf	58	2022-05-31 14:45:34.867	--SchemaZenNull--	2022-05-31 14:45:34.867	True
89	INV/BHN/2022051	4	579	3069700.00	0.00	2022-05-31 14:46:04.007	637896051641590803.pdf	58	2022-05-31 14:46:04.007	--SchemaZenNull--	2022-05-31 14:46:04.007	True
90	INV/TGARLA/2022051	5	176	390800.00	0.00	2022-05-31 14:48:13.153	637896052932751431.pdf	58	2022-05-31 14:48:13.153	--SchemaZenNull--	2022-05-31 14:48:13.153	True
91	INV/INSIGNIA/2022051	6	33	168500.00	1520.00	2022-05-31 14:48:49.017	637896053291363680.pdf	58	2022-05-31 14:48:49.017	--SchemaZenNull--	2022-05-31 14:48:49.017	True
92	INV/TG COLGATE/2022051	15	3	2500.00	0.00	2022-05-31 14:49:41.48	637896053815736651.pdf	58	2022-05-31 14:49:41.48	--SchemaZenNull--	2022-05-31 14:49:41.48	True
93	INV/BASF/2022051	18	56	92100.00	0.00	2022-05-31 14:50:07.25	637896054073520295.pdf	58	2022-05-31 14:50:07.25	--SchemaZenNull--	2022-05-31 14:50:07.25	True
94	INV/KT/2022061	2	302	900200.00	0.00	2022-06-30 12:27:20.177	637921888417478583.pdf	58	2022-06-30 12:27:20.177	--SchemaZenNull--	2022-06-30 12:27:20.177	True
95	INV/RAFFLES/2022061	3	627	1283800.00	0.00	2022-06-30 12:44:08.347	637921898484673661.pdf	58	2022-06-30 12:44:08.347	--SchemaZenNull--	2022-06-30 12:44:08.347	True
96	INV/BHN/2022061	4	831	1704800.00	0.00	2022-06-30 12:44:59.033	637921898991245631.pdf	58	2022-06-30 12:44:59.033	--SchemaZenNull--	2022-06-30 12:44:59.033	True
97	INV/TGARLA/2022061	5	161	241100.00	0.00	2022-06-30 12:45:25.553	637921899256837679.pdf	58	2022-06-30 12:45:25.553	--SchemaZenNull--	2022-06-30 12:45:25.553	True
98	INV/BASF/2022061	18	46	116700.00	0.00	2022-06-30 12:45:55.903	637921899560229686.pdf	58	2022-06-30 12:45:55.903	--SchemaZenNull--	2022-06-30 12:45:55.903	True
99	INV/TG COLGATE/2022061	15	2	4600.00	0.00	2022-06-30 12:46:17.627	637921899777358944.pdf	58	2022-06-30 12:46:17.627	--SchemaZenNull--	2022-06-30 12:46:17.627	True
100	INV/SANA/2022061	11	9	12500.00	0.00	2022-06-30 12:46:43.063	637921900031693915.pdf	58	2022-06-30 12:46:43.063	--SchemaZenNull--	2022-06-30 12:46:43.063	True
101	INV/CHEC/2022061	10	10	8600.00	0.00	2022-06-30 12:47:11.203	637921900313128788.pdf	58	2022-06-30 12:47:11.203	--SchemaZenNull--	2022-06-30 12:47:11.203	True
102	INV/INSIGNIA/2022061	6	14	55300.00	0.00	2022-06-30 12:49:18.933	637921901590391699.pdf	58	2022-06-30 12:49:18.933	--SchemaZenNull--	2022-06-30 12:49:18.933	True
103	INV/KT/2022071	2	284	966900.00	0.00	2022-07-31 10:12:41.933	637948591634379832.pdf	1125	2022-07-31 10:12:41.933	--SchemaZenNull--	2022-07-31 10:12:41.933	True
104	INV/RAFFLES/2022071	3	560	1123300.00	0.00	2022-07-31 10:14:43.513	637948592836596411.pdf	1125	2022-07-31 10:14:43.513	--SchemaZenNull--	2022-07-31 10:14:43.513	True
105	INV/BHN/2022071	4	846	2533500.00	0.00	2022-07-31 10:17:05.047	637948594251935258.pdf	1125	2022-07-31 10:17:05.047	--SchemaZenNull--	2022-07-31 10:17:05.047	True
106	INV/TGARLA/2022071	5	202	274600.00	0.00	2022-07-31 10:19:59.403	637948595995732723.pdf	1125	2022-07-31 10:19:59.403	--SchemaZenNull--	2022-07-31 10:19:59.403	True
107	INV/INSIGNIA/2022071	6	57	166300.00	0.00	2022-07-31 10:23:16.377	637948597965513647.pdf	1125	2022-07-31 10:23:16.377	--SchemaZenNull--	2022-07-31 10:23:16.377	True
108	INV/BASF/2022071	18	39	46100.00	0.00	2022-07-31 10:31:09.74	637948602699071899.pdf	1125	2022-07-31 10:31:09.74	--SchemaZenNull--	2022-07-31 10:31:09.74	True
109	INV/TG COLGATE/2022071	15	1	500.00	0.00	2022-07-31 10:32:06.493	637948603266170172.pdf	1125	2022-07-31 10:32:06.493	--SchemaZenNull--	2022-07-31 10:32:06.493	True
110	INV/INSIGNIA/2022081	6	73	237000.00	910.00	2022-08-31 12:15:40.53	637975449418521812.pdf	1125	2022-08-31 12:15:40.53	--SchemaZenNull--	2022-08-31 12:15:40.53	True
111	INV/KT/2022081	2	20	217700.00	0.00	2022-08-31 12:19:57.567	637975451976858804.pdf	1125	2022-08-31 12:19:57.567	--SchemaZenNull--	2022-08-31 12:19:57.567	True
112	INV/RAFFLES/2022081	3	20	461300.00	0.00	2022-08-31 12:24:27.33	637975454674705454.pdf	1125	2022-08-31 12:24:27.33	--SchemaZenNull--	2022-08-31 12:24:27.33	True
113	INV/BHN/2022081	4	20	66800.00	0.00	2022-08-31 12:26:03.557	637975455636763701.pdf	1125	2022-08-31 12:26:03.557	--SchemaZenNull--	2022-08-31 12:26:03.557	True
114	INV/BHN/2022083	4	1089	2362400.00	0.00	2022-08-31 12:40:03.883	637975464040637587.pdf	1125	2022-08-31 12:40:03.883	--SchemaZenNull--	2022-08-31 12:40:03.883	True
115	INV/KT/2022083	2	254	916200.00	0.00	2022-08-31 12:40:53.673	637975464537872733.pdf	1125	2022-08-31 12:40:53.673	--SchemaZenNull--	2022-08-31 12:40:53.673	True
116	INV/RAFFLES/2022083	3	741	1992900.00	0.00	2022-08-31 12:42:00.01	637975465201535335.pdf	1125	2022-08-31 12:42:00.01	--SchemaZenNull--	2022-08-31 12:42:00.01	True
117	INV/TGARLA/2022081	5	130	254900.00	0.00	2022-08-31 12:43:10.347	637975465904708037.pdf	1125	2022-08-31 12:43:10.347	--SchemaZenNull--	2022-08-31 12:43:10.347	True
118	INV/SANA/2022081	11	1	19300.00	0.00	2022-08-31 12:46:25.853	637975467859763970.pdf	1125	2022-08-31 12:46:25.853	--SchemaZenNull--	2022-08-31 12:46:25.853	True
119	INV/BASF/2022081	18	80	139500.00	0.00	2022-08-31 12:51:02.143	637975470622727456.pdf	1125	2022-08-31 12:51:02.143	--SchemaZenNull--	2022-08-31 12:51:02.143	True
120	INV/KT/2022091	2	183	509500.00	0.00	2022-09-30 14:56:48.757	638001466101384961.pdf	1125	2022-09-30 14:56:48.757	--SchemaZenNull--	2022-09-30 14:56:48.757	True
121	INV/RAFFLES/2022091	3	729	2632000.00	0.00	2022-09-30 14:59:57.957	638001467981018856.pdf	1125	2022-09-30 14:59:57.957	--SchemaZenNull--	2022-09-30 14:59:57.957	True
122	INV/BHN/2022091	4	872	2690000.00	0.00	2022-09-30 15:01:51.767	638001469119160433.pdf	1125	2022-09-30 15:01:51.767	--SchemaZenNull--	2022-09-30 15:01:51.767	True
123	INV/TGARLA/2022091	5	49	98900.00	0.00	2022-09-30 15:07:30.977	638001472511246172.pdf	1125	2022-09-30 15:07:30.977	--SchemaZenNull--	2022-09-30 15:07:30.977	True
124	INV/INSIGNIA/2022091	6	34	60700.00	0.00	2022-09-30 15:08:25.84	638001473060063034.pdf	1125	2022-09-30 15:08:25.84	--SchemaZenNull--	2022-09-30 15:08:25.84	True
125	INV/SANA/2022091	11	12	18900.00	0.00	2022-09-30 15:12:28.327	638001475484629201.pdf	1125	2022-09-30 15:12:28.327	--SchemaZenNull--	2022-09-30 15:12:28.327	True
126	INV/TG COLGATE/2022091	15	1	2000.00	0.00	2022-09-30 15:13:37.11	638001476172819863.pdf	1125	2022-09-30 15:13:37.11	--SchemaZenNull--	2022-09-30 15:13:37.11	True
127	INV/BASF/2022091	18	34	51100.00	0.00	2022-09-30 15:16:11.58	638001477716722351.pdf	1125	2022-09-30 15:16:11.58	--SchemaZenNull--	2022-09-30 15:16:11.58	True
128	INV/KT/2022101	2	322	622200.00	0.00	2022-10-31 14:39:32.22	638028239740700344.pdf	1125	2022-10-31 14:39:32.22	--SchemaZenNull--	2022-10-31 14:39:32.22	True
129	INV/RAFFLES/2022101	3	784	2758800.00	0.00	2022-10-31 15:01:50.46	638028253107556370.pdf	1125	2022-10-31 15:01:50.46	--SchemaZenNull--	2022-10-31 15:01:50.46	True
130	INV/BHN/2022101	4	1074	2238900.00	0.00	2022-10-31 15:04:57.31	638028254974691276.pdf	1125	2022-10-31 15:04:57.31	--SchemaZenNull--	2022-10-31 15:04:57.31	True
131	INV/TGARLA/2022101	5	48	67300.00	0.00	2022-10-31 15:06:01.67	638028255618331219.pdf	1125	2022-10-31 15:06:01.67	--SchemaZenNull--	2022-10-31 15:06:01.67	True
132	INV/INSIGNIA/2022101	6	24	66400.00	200.00	2022-10-31 15:06:49.58	638028256097013292.pdf	1125	2022-10-31 15:06:49.58	--SchemaZenNull--	2022-10-31 15:06:49.58	True
133	INV/SANA/2022101	11	5	16900.00	0.00	2022-10-31 15:08:10.553	638028256906903372.pdf	1125	2022-10-31 15:08:10.553	--SchemaZenNull--	2022-10-31 15:08:10.553	True
134	INV/TG COLGATE/2022101	15	3	2100.00	0.00	2022-10-31 15:08:42.3	638028257224413311.pdf	1125	2022-10-31 15:08:42.3	--SchemaZenNull--	2022-10-31 15:08:42.3	True
135	INV/BASF/2022101	18	50	162600.00	0.00	2022-10-31 15:10:04.083	638028258042153489.pdf	1125	2022-10-31 15:10:04.083	--SchemaZenNull--	2022-10-31 15:10:04.083	True
136	INV/KT/2022111	2	372	733600.00	0.00	2022-11-30 15:38:24.633	638054195064355245.pdf	1125	2022-11-30 15:38:24.633	--SchemaZenNull--	2022-11-30 15:38:24.633	True
137	INV/RAFFLES/2022111	3	778	1569000.00	0.00	2022-11-30 15:43:03.553	638054197837734891.pdf	1125	2022-11-30 15:43:03.553	--SchemaZenNull--	2022-11-30 15:43:03.553	True
138	INV/BHN/2022111	4	1235	2686600.00	0.00	2022-11-30 15:54:34.11	638054204744106414.pdf	1125	2022-11-30 15:54:34.11	--SchemaZenNull--	2022-11-30 15:54:34.11	True
139	INV/TGARLA/2022111	5	85	121000.00	0.00	2022-11-30 15:55:30.047	638054205301867985.pdf	1125	2022-11-30 15:55:30.047	--SchemaZenNull--	2022-11-30 15:55:30.047	True
140	INV/INSIGNIA/2022111	6	44	182200.00	200.00	2022-11-30 15:56:18.803	638054205790050465.pdf	1125	2022-11-30 15:56:18.803	--SchemaZenNull--	2022-11-30 15:56:18.803	True
141	INV/SANA/2022111	11	3	5800.00	0.00	2022-11-30 15:57:31.507	638054206517782928.pdf	1125	2022-11-30 15:57:31.507	--SchemaZenNull--	2022-11-30 15:57:31.507	True
142	INV/TG COLGATE/2022111	15	19	58300.00	0.00	2022-11-30 15:58:31.33	638054207115309767.pdf	1125	2022-11-30 15:58:31.33	--SchemaZenNull--	2022-11-30 15:58:31.33	True
143	INV/BASF/2022111	18	35	67500.00	0.00	2022-11-30 16:02:05.923	638054209261154459.pdf	1125	2022-11-30 16:02:05.923	--SchemaZenNull--	2022-11-30 16:02:05.923	True
144	INV/KT/2022121	2	266	494600.00	0.00	2022-12-27 11:21:57.753	638077369189911241.pdf	1125	2022-12-27 11:21:57.753	--SchemaZenNull--	2022-12-27 11:21:57.753	True
145	INV/RAFFLES/2022121	3	567	1368100.00	0.00	2022-12-27 11:23:13.337	638077369934636016.pdf	1125	2022-12-27 11:23:13.337	--SchemaZenNull--	2022-12-27 11:23:13.337	True
146	INV/BHN/2022121	4	1007	2445800.00	0.00	2022-12-27 11:27:09.64	638077372298193524.pdf	1125	2022-12-27 11:27:09.64	--SchemaZenNull--	2022-12-27 11:27:09.64	True
147	INV/TGARLA/2022121	5	31	55300.00	0.00	2022-12-27 11:27:59.483	638077372796591013.pdf	1125	2022-12-27 11:27:59.483	--SchemaZenNull--	2022-12-27 11:27:59.483	True
148	INV/INSIGNIA/2022121	6	52	121200.00	520.00	2022-12-27 11:30:51.087	638077374512026678.pdf	1125	2022-12-27 11:30:51.087	--SchemaZenNull--	2022-12-27 11:30:51.087	True
149	INV/TG COLGATE/2022121	15	5	3200.00	0.00	2022-12-27 11:32:05.297	638077375254914919.pdf	1125	2022-12-27 11:32:05.297	--SchemaZenNull--	2022-12-27 11:32:05.297	True
150	INV/BASF/2022121	18	17	20300.00	0.00	2022-12-27 11:33:03.157	638077375832774661.pdf	1125	2022-12-27 11:33:03.157	--SchemaZenNull--	2022-12-27 11:33:03.157	True
151	INV/SANA/2022121	11	1	300.00	0.00	2022-12-27 11:39:11.377	638077379514914389.pdf	1125	2022-12-27 11:39:11.377	--SchemaZenNull--	2022-12-27 11:39:11.377	True
152	INV/KT/2023012	2	233	619900.00	0.00	2023-01-31 17:23:57.24	638107826386060920.pdf	1125	2023-01-31 17:23:57.24	--SchemaZenNull--	2023-01-31 17:23:57.24	True
153	INV/RAFFLES/2023012	3	677	3194900.00	0.00	2023-01-31 17:24:52.557	638107826926713709.pdf	1125	2023-01-31 17:24:52.557	--SchemaZenNull--	2023-01-31 17:24:52.557	True
154	INV/BHN/2023012	4	939	4904800.00	0.00	2023-01-31 17:25:29.857	638107827300218394.pdf	1125	2023-01-31 17:25:29.857	--SchemaZenNull--	2023-01-31 17:25:29.857	True
155	INV/TGARLA/2023012	5	31	65100.00	0.00	2023-01-31 17:28:49.233	638107829293552540.pdf	1125	2023-01-31 17:28:49.233	--SchemaZenNull--	2023-01-31 17:28:49.233	True
156	INV/INSIGNIA/2023012	6	71	565800.00	0.00	2023-01-31 17:31:28.31	638107830884651510.pdf	1125	2023-01-31 17:31:28.31	--SchemaZenNull--	2023-01-31 17:31:28.31	True
157	INV/TG COLGATE/2023012	15	2	2500.00	0.00	2023-01-31 17:33:43.67	638107832237763467.pdf	1125	2023-01-31 17:33:43.67	--SchemaZenNull--	2023-01-31 17:33:43.67	True
158	INV/BASF/2023012	18	30	62400.00	0.00	2023-01-31 17:37:31.76	638107834519221509.pdf	1125	2023-01-31 17:37:31.76	--SchemaZenNull--	2023-01-31 17:37:31.76	True
159	INV/INSIGNIA/2023021	6	27	96800.00	0.00	2023-02-27 14:51:45.583	638131063058231126.pdf	1125	2023-02-27 14:51:45.583	--SchemaZenNull--	2023-02-27 14:51:45.583	True
160	INV/KT/2023021	2	218	518800.00	0.00	2023-02-28 16:02:49.783	638131969709908620.pdf	1125	2023-02-28 16:02:49.783	--SchemaZenNull--	2023-02-28 16:02:49.783	True
161	INV/RAFFLES/2023021	3	488	1367900.00	0.00	2023-02-28 16:07:23.13	638131972433415710.pdf	1125	2023-02-28 16:07:23.13	--SchemaZenNull--	2023-02-28 16:07:23.13	True
162	INV/BHN/2023021	4	751	1992600.00	0.00	2023-02-28 16:09:10.697	638131973509018405.pdf	1125	2023-02-28 16:09:10.697	--SchemaZenNull--	2023-02-28 16:09:10.697	True
163	INV/TGARLA/2023021	5	35	31000.00	0.00	2023-02-28 16:13:08.91	638131975890349104.pdf	1125	2023-02-28 16:13:08.91	--SchemaZenNull--	2023-02-28 16:13:08.91	True
164	INV/TG COLGATE/2023021	15	3	3600.00	0.00	2023-02-28 16:13:50.92	638131976310211528.pdf	1125	2023-02-28 16:13:50.92	--SchemaZenNull--	2023-02-28 16:13:50.92	True
165	INV/BASF/2023021	18	16	44800.00	0.00	2023-02-28 16:16:20.54	638131977807424202.pdf	1125	2023-02-28 16:16:20.54	--SchemaZenNull--	2023-02-28 16:16:20.54	True
166	INV/KT/2023031	2	315	781800.00	0.00	2023-03-31 14:06:26.963	638158683885438249.pdf	1125	2023-03-31 14:06:26.963	--SchemaZenNull--	2023-03-31 14:06:26.963	True
167	INV/KT/2023034	2	315	781800.00	0.00	2023-03-31 14:06:32.917	638158683930194122.pdf	1125	2023-03-31 14:06:32.917	--SchemaZenNull--	2023-03-31 14:06:32.917	True
168	INV/RAFFLES/2023031	3	959	3244800.00	0.00	2023-03-31 16:40:31.367	638158776328158868.pdf	1125	2023-03-31 16:40:31.367	--SchemaZenNull--	2023-03-31 16:40:31.367	True
169	INV/BHN/2023031	4	1148	5848700.00	0.00	2023-03-31 17:08:09.737	638158792898938036.pdf	1125	2023-03-31 17:08:09.737	--SchemaZenNull--	2023-03-31 17:08:09.737	True
170	INV/TGARLA/2023031	5	67	107700.00	0.00	2023-03-31 17:08:48.263	638158793284170972.pdf	1125	2023-03-31 17:08:48.263	--SchemaZenNull--	2023-03-31 17:08:48.263	True
171	INV/INSIGNIA/2023031	6	22	53900.00	0.00	2023-03-31 17:09:22.7	638158793628310984.pdf	1125	2023-03-31 17:09:22.7	--SchemaZenNull--	2023-03-31 17:09:22.7	True
172	INV/TG COLGATE/2023031	15	5	5800.00	0.00	2023-03-31 17:10:52.797	638158794529636484.pdf	1125	2023-03-31 17:10:52.797	--SchemaZenNull--	2023-03-31 17:10:52.797	True
173	INV/BASF/2023031	18	16	25900.00	0.00	2023-03-31 17:12:26.177	638158795463237260.pdf	1125	2023-03-31 17:12:26.177	--SchemaZenNull--	2023-03-31 17:12:26.177	True
174	INV/KT/2023041	2	299	733900.00	0.00	2023-04-28 14:24:24.2	638182886655004479.pdf	1136	2023-04-28 14:24:24.2	--SchemaZenNull--	2023-04-28 14:24:24.2	True
175	INV/KT/2023043	2	299	733900.00	0.00	2023-04-28 14:24:30.907	638182886710199744.pdf	1136	2023-04-28 14:24:30.907	--SchemaZenNull--	2023-04-28 14:24:30.907	True
176	INV/RAFFLES/2023041	3	672	2410300.00	0.00	2023-04-30 15:18:06.5	638184646879293525.pdf	1136	2023-04-30 15:18:06.5	--SchemaZenNull--	2023-04-30 15:18:06.5	True
177	INV/BHN/2023041	4	857	2482500.00	0.00	2023-04-30 15:20:15.167	638184648153158831.pdf	1136	2023-04-30 15:20:15.167	--SchemaZenNull--	2023-04-30 15:20:15.167	True
178	INV/TGARLA/2023041	5	58	113700.00	0.00	2023-04-30 15:20:58.843	638184648589544205.pdf	1136	2023-04-30 15:20:58.843	--SchemaZenNull--	2023-04-30 15:20:58.843	True
179	INV/INSIGNIA/2023041	6	59	198100.00	0.00	2023-04-30 15:21:37.723	638184648978167270.pdf	1136	2023-04-30 15:21:37.723	--SchemaZenNull--	2023-04-30 15:21:37.723	True
180	INV/LEKKI PORT/2023041	7	2	1500.00	0.00	2023-04-30 15:22:08.07	638184649281720524.pdf	1136	2023-04-30 15:22:08.07	--SchemaZenNull--	2023-04-30 15:22:08.07	True
181	INV/SANA/2023042	11	8	24500.00	0.00	2023-04-30 15:27:04.61	638184652249381204.pdf	1136	2023-04-30 15:27:04.61	--SchemaZenNull--	2023-04-30 15:27:04.61	True
182	INV/TG COLGATE/2023041	15	2	1100.00	0.00	2023-04-30 15:28:36.083	638184653162583127.pdf	1136	2023-04-30 15:28:36.083	--SchemaZenNull--	2023-04-30 15:28:36.083	True
183	INV/BASF/2023041	18	6	10100.00	0.00	2023-04-30 15:29:22.273	638184653623587279.pdf	1136	2023-04-30 15:29:22.273	--SchemaZenNull--	2023-04-30 15:29:22.273	True
184	INV/KT/2023051	2	456	839900.00	0.00	2023-05-31 12:02:19.88	638211313412313106.pdf	1136	2023-05-31 12:02:19.88	--SchemaZenNull--	2023-05-31 12:02:19.88	True
185	INV/RAFFLES/2023051	3	718	2429600.00	0.00	2023-05-31 12:04:26.727	638211314669418737.pdf	1136	2023-05-31 12:04:26.727	--SchemaZenNull--	2023-05-31 12:04:26.727	True
186	INV/BHN/2023051	4	1035	2668400.00	0.00	2023-05-31 12:05:04.44	638211315046663605.pdf	1136	2023-05-31 12:05:04.44	--SchemaZenNull--	2023-05-31 12:05:04.44	True
187	INV/TGARLA/2023051	5	68	130500.00	0.00	2023-05-31 12:07:20.4	638211316405038219.pdf	1136	2023-05-31 12:07:20.4	--SchemaZenNull--	2023-05-31 12:07:20.4	True
188	INV/INSIGNIA/2023051	6	54	152900.00	0.00	2023-05-31 12:07:47.05	638211316672097851.pdf	1136	2023-05-31 12:07:47.05	--SchemaZenNull--	2023-05-31 12:07:47.05	True
189	INV/LEKKI PORT/2023051	7	4	4000.00	0.00	2023-05-31 12:08:08.687	638211316887692956.pdf	1136	2023-05-31 12:08:08.687	--SchemaZenNull--	2023-05-31 12:08:08.687	True
190	INV/SANA/2023051	11	3	20900.00	0.00	2023-05-31 12:08:36.243	638211317163981690.pdf	1136	2023-05-31 12:08:36.243	--SchemaZenNull--	2023-05-31 12:08:36.243	True
191	INV/TG COLGATE/2023051	15	4	25500.00	0.00	2023-05-31 12:09:02.347	638211317424322050.pdf	1136	2023-05-31 12:09:02.347	--SchemaZenNull--	2023-05-31 12:09:02.347	True
192	INV/BASF/2023051	18	20	37600.00	0.00	2023-05-31 12:09:49.823	638211317900343425.pdf	1136	2023-05-31 12:09:49.823	--SchemaZenNull--	2023-05-31 12:09:49.823	False
193	INV/LFTZ/2023051	8	8	8100.00	0.00	2023-05-31 12:11:32.51	638211318926289987.pdf	1136	2023-05-31 12:11:32.51	--SchemaZenNull--	2023-05-31 12:11:32.51	True
194	INV/BHN/2023061	4	1	--SchemaZenNull--	--SchemaZenNull--	2023-06-09 12:51:16.397	--SchemaZenNull--	2	2023-06-09 12:51:16.397	--SchemaZenNull--	2023-06-09 12:51:16.397	True
195	INV/BHN/2023063	4	1	--SchemaZenNull--	--SchemaZenNull--	2023-06-09 12:51:20.82	--SchemaZenNull--	2	2023-06-09 12:51:20.82	--SchemaZenNull--	2023-06-09 12:51:20.82	True
196	INV/BASF/2023061	18	16	30600.00	0.00	2023-06-09 12:58:03.123	638219284833828516.pdf	58	2023-06-09 12:58:03.123	--SchemaZenNull--	2023-06-09 12:58:03.123	True
197	INV/BASF/2023063	18	16	30600.00	0.00	2023-05-31 00:00:00	638219288964505412.pdf	58	2023-05-31 00:00:00	--SchemaZenNull--	2023-06-09 13:04:56.38	True
198	INV/BASF/2023005313	18	20	37600.00	0.00	2023-05-31 00:00:00	638219300717781188.pdf	58	2023-05-31 00:00:00	--SchemaZenNull--	2023-06-09 13:24:31.667	True
199	INV/BASF/2023051	18	20	37600.00	0.00	2023-05-31 00:00:00	638219302204725963.pdf	58	2023-05-31 00:00:00	--SchemaZenNull--	2023-06-09 13:27:00.38	True
200	INV/BASF/2023051	18	20	37600.00	0.00	2023-05-31 00:00:00	638219315523761806.pdf	58	2023-05-31 00:00:00	--SchemaZenNull--	2023-06-09 13:49:11.213	True
201	INV/KT/2023061	2	2	23600.00	0.00	2023-06-27 14:02:56.237	638234875789925194.pdf	58	2023-06-27 14:02:56.237	--SchemaZenNull--	2023-06-27 14:02:56.237	True
202	INV/BASF/2023063	18	1	2600.00	0.00	2023-06-27 14:03:41.53	638234876232743336.pdf	58	2023-06-27 14:03:41.53	--SchemaZenNull--	2023-06-27 14:03:41.53	True
203	INV/BASF/2023064	18	1	2600.00	0.00	2023-06-27 14:08:21.74	638234879036464930.pdf	58	2023-06-27 14:08:21.74	--SchemaZenNull--	2023-06-27 14:08:21.74	True
204	INV/BASF/2023065	18	1	2600.00	0.00	2023-06-27 14:41:31.22	638234898949261245.pdf	58	2023-06-27 14:41:31.22	--SchemaZenNull--	2023-06-27 14:41:31.22	True
